500,7.637500000000352e-05
1000,0.00016229200000000832
1500,0.0002217090000000005
2000,0.00027900000000000147
2500,0.000336917000000006
3000,0.000394417000000008
3500,0.0004513339999999977
4000,0.0005082920000000074
4500,0.0005663340000000017
5000,0.0006237500000000062
5500,0.0006837499999999969
6000,0.0007408340000000097
6500,0.0007989590000000019
7000,0.0008639170000000057
7500,0.000921375000000002
8000,0.0009783750000000035
8500,0.0010392919999999972
9000,0.001096542000000006
9500,0.0011537920000000007
10000,0.0012107920000000022
10500,0.0012695840000000042
11000,0.0013265840000000056
11500,0.0013844590000000045
12000,0.001442542000000005
12500,0.0015013749999999992
13000,0.001558625000000008
13500,0.0016190840000000067
14000,0.0016774170000000005
14500,0.0017358749999999978
15000,0.0017933749999999998
15500,0.0018512920000000044
16000,0.001909000000000008
16500,0.0019671670000000058
17000,0.002025291999999998
17500,0.0020824590000000087
18000,0.002140000000000003
18500,0.0021992090000000075
19000,0.0022592500000000043
19500,0.002316125000000002
20000,0.002372917000000002
20500,0.002431125000000006
21000,0.0024885419999999964
21500,0.0025456670000000015
22000,0.0026037090000000096
22500,0.002661834000000002
23000,0.002722000000000002
23500,0.0027790000000000037
24000,0.0028372499999999995
24500,0.0028973750000000076
25000,0.0029559170000000023
25500,0.0030145000000000033
26000,0.0030745000000000078
26500,0.003133625000000001
27000,0.003191874999999997
27500,0.003248834000000006
28000,0.0033059170000000054
28500,0.0033627090000000054
29000,0.003422124999999998
29500,0.0034828749999999964
30000,0.0035395839999999984
30500,0.0035961669999999973
31000,0.003655459
31500,0.003712833999999998
32000,0.0037702920000000084
32500,0.003828834000000003
33000,0.0038937500000000014
33500,0.003951708999999998
34000,0.004008875000000009
34500,0.004069125000000007
35000,0.004127375000000003
35500,0.00418570900000001
36000,0.004243708999999998
36500,0.004300542000000004
37000,0.004359625000000006
37500,0.004416209000000004
38000,0.004473084000000002
38500,0.004530167000000002
39000,0.004589916999999999
39500,0.004646959000000006
40000,0.004703542000000005
40500,0.004760583999999998
41000,0.004818458999999997
41500,0.004875292000000003
42000,0.004932249999999999
42500,0.004990667000000004
43000,0.005047916999999999
43500,0.005106542000000006
44000,0.005163542000000007
44500,0.005220042000000008
45000,0.005277084000000001
45500,0.005335209000000007
46000,0.005392084000000005
46500,0.005448584000000006
47000,0.005505875000000007
47500,0.005564334000000004
48000,0.005620917000000003
48500,0.005679584000000001
49000,0.005738124999999997
49500,0.005798584000000009
50000,0.005856291999999999
50500,0.005914084
51000,0.005970709000000005
51500,0.006028749999999999
52000,0.006086542
52500,0.0061435840000000075
53000,0.006200584000000009
53500,0.006259750000000008
54000,0.006316666999999998
54500,0.006375417000000008
55000,0.0064361670000000065
55500,0.006496042000000007
56000,0.006553209000000004
56500,0.006611249999999999
57000,0.006668916999999996
57500,0.006726999999999997
58000,0.006784208999999999
58500,0.0068420420000000065
59000,0.006900125000000007
59500,0.006958209000000007
60000,0.0070179169999999985
60500,0.007074791999999996
61000,0.007132374999999996
61500,0.0071904170000000045
62000,0.007251167000000003
62500,0.007308875000000006
63000,0.007366625000000002
63500,0.007423834000000004
64000,0.0074812920000000005
64500,0.007539125000000008
65000,0.0075965840000000034
65500,0.007653624999999997
66000,0.007717500000000002
66500,0.007774125000000007
67000,0.007831000000000005
67500,0.00788762500000001
68000,0.007945709000000009
68500,0.008003917
69000,0.008061125000000002
69500,0.008118417000000003
70000,0.008176834000000008
70500,0.008234917000000008
71000,0.008292624999999998
71500,0.008349375000000006
72000,0.008408959000000008
72500,0.008468667
73000,0.008527709000000008
73500,0.008585750000000003
74000,0.008643750000000006
74500,0.008705249999999998
75000,0.00876225
75500,0.008820042
76000,0.008878208999999998
76500,0.008934791999999997
77000,0.008992291999999999
77500,0.009050209000000004
78000,0.009109209000000007
78500,0.009167000000000008
79000,0.009223792000000008
79500,0.009281375000000008
80000,0.009339917000000003
80500,0.009396917000000005
81000,0.009454584000000002
81500,0.009516875000000008
82000,0.009575042000000006
82500,0.009631917000000004
83000,0.00969004200000001
83500,0.009748124999999996
84000,0.009807834000000001
84500,0.009865959000000007
85000,0.009924125000000006
85500,0.009981000000000004
86000,0.010038249999999999
86500,0.010096292000000007
87000,0.010153584000000007
87500,0.010210584000000009
88000,0.01026708400000001
88500,0.010326125000000005
89000,0.010383958999999998
89500,0.010441709000000007
90000,0.010498459000000002
90500,0.010556499999999996
91000,0.010614334000000003
91500,0.010671125000000004
92000,0.010727917000000003
92500,0.010787209000000006
93000,0.01084375
93500,0.01090041700000001
94000,0.010957000000000008
94500,0.011015999999999998
95000,0.011073042000000005
95500,0.011130000000000001
96000,0.011186958999999996
96500,0.011245625000000009
97000,0.011305625
97500,0.011367374999999999
98000,0.011424625000000008
98500,0.011483875000000004
99000,0.011541499999999996
99500,0.011598291999999996
100000,0.011655791999999998
100500,0.011715458999999998
101000,0.011772375000000002
101500,0.011829209000000007
102000,0.011886333999999998
102500,0.011948209000000001
103000,0.012007249999999997
103500,0.012068625
104000,0.012128625000000004
104500,0.012189209000000006
105000,0.012246167000000002
105500,0.012303459000000003
106000,0.012361334000000002
106500,0.012420125000000004
107000,0.012477666999999998
107500,0.012534958999999998
108000,0.012592541999999998
108500,0.012649833999999999
109000,0.012708917
109500,0.012766791999999999
110000,0.012824542000000008
110500,0.012881458999999998
111000,0.012939375000000003
111500,0.012996084000000005
112000,0.013052916999999997
112500,0.013110375000000007
113000,0.013169250000000007
113500,0.013227000000000003
114000,0.013283584000000001
114500,0.013341084000000003
115000,0.013399584000000006
115500,0.013456584000000008
116000,0.013513499999999998
116500,0.013571542000000006
117000,0.013633624999999996
117500,0.013690833999999999
118000,0.013748042000000002
118500,0.013806417000000001
119000,0.013865500000000003
119500,0.013923417000000007
120000,0.01398637500000001
120500,0.014043417000000002
121000,0.014104167
121500,0.014162500000000008
122000,0.014223042000000005
122500,0.014282917000000006
123000,0.014342916999999997
123500,0.014402750000000006
124000,0.014461166999999997
124500,0.014519000000000004
125000,0.01457675
125500,0.014634500000000009
126000,0.014693042000000003
126500,0.014749750000000006
127000,0.01480795900000001
127500,0.01486604200000001
128000,0.014923792000000005
128500,0.014982959000000004
129000,0.015040625000000002
129500,0.015099750000000009
130000,0.015156584
130500,0.015213209000000005
131000,0.015270709000000007
131500,0.015328500000000009
132000,0.015385416999999998
132500,0.015443542000000005
133000,0.015503166999999998
133500,0.015561875000000003
134000,0.015621667000000006
134500,0.015679709
135000,0.015736083999999997
135500,0.015797792000000005
136000,0.01585470900000001
136500,0.015912208999999997
137000,0.015969334
137500,0.016027292
138000,0.01608395900000001
138500,0.016140792
139000,0.016197375
139500,0.016256292000000006
140000,0.01631479200000001
140500,0.016371667000000006
141000,0.01643
141500,0.016487542000000008
142000,0.01654454200000001
142500,0.016601375
143000,0.01665925
143500,0.016717667000000005
144000,0.016774791999999997
144500,0.016831959000000007
145000,0.016889125000000005
145500,0.016947917000000007
146000,0.017005459
146500,0.017062416999999996
147000,0.017124125000000004
147500,0.017187375000000005
148000,0.017247917
148500,0.017307249999999996
149000,0.01740612500000001
149500,0.017466542
150000,0.017531541999999997
150500,0.01758975
151000,0.017646459000000003
151500,0.017703375000000007
152000,0.017761209
152500,0.017817959000000008
153000,0.017876249999999996
153500,0.017933459
154000,0.017991667000000003
154500,0.018049834
155000,0.018106791999999997
155500,0.018164042000000005
156000,0.018222375
156500,0.018281292000000005
157000,0.018340208999999996
157500,0.018398167000000007
158000,0.018457292
158500,0.018514292
159000,0.01857083400000001
159500,0.018628667
160000,0.018686916999999997
160500,0.018744250000000004
161000,0.018801125000000002
161500,0.018861292
162000,0.0189265
162500,0.01898475000000001
163000,0.019041625000000006
163500,0.019100084000000003
164000,0.019160459000000005
164500,0.019218
165000,0.019275834000000006
165500,0.019334209000000005
166000,0.019396499999999997
166500,0.019457375
167000,0.019514334000000008
167500,0.019571417000000008
168000,0.019629334
168500,0.019686250000000002
169000,0.019743499999999997
169500,0.01980137500000001
170000,0.019863959
170500,0.019923875000000008
171000,0.019981291999999998
171500,0.020037834000000004
172000,0.020096084
172500,0.02015362500000001
173000,0.020210667
173500,0.020267542
174000,0.020325125
174500,0.020383
175000,0.020443625000000007
175500,0.020503834
176000,0.020562375000000008
176500,0.020620583999999997
177000,0.020678292
177500,0.020734875
178000,0.02079262500000001
178500,0.02085041700000001
179000,0.020907375000000006
179500,0.020964625
180000,0.021022709
180500,0.021080584
181000,0.021138209000000005
181500,0.021195584000000003
182000,0.021252459
182500,0.021311917
183000,0.02137433400000001
183500,0.021433500000000008
184000,0.021492208999999998
184500,0.021550542000000006
185000,0.0216075
185500,0.021665292000000003
186000,0.021722541999999997
186500,0.021780584000000006
187000,0.021837999999999996
187500,0.0218955
188000,0.02195316700000001
188500,0.022014084000000003
189000,0.022071875000000005
189500,0.022128708999999996
190000,0.022189042000000006
190500,0.022250375000000003
191000,0.022307459
191500,0.022365499999999996
192000,0.022422417
192500,0.022480625000000004
193000,0.022538625000000007
193500,0.022595500000000004
194000,0.02265275
194500,0.022709459
195000,0.022769167000000007
195500,0.02282716700000001
196000,0.022884584
196500,0.022942792000000004
197000,0.02300075
197500,0.023058375000000006
198000,0.02311687500000001
198500,0.023173750000000007
199000,0.023231917000000005
199500,0.023289709000000006
200000,0.023347624999999997
200500,0.023404750000000002
201000,0.02346437500000001
201500,0.023521374999999997
202000,0.023578542000000008
202500,0.023635667
203000,0.023693541999999998
203500,0.023751000000000008
204000,0.02380800000000001
204500,0.023864875000000008
205000,0.023923834000000005
205500,0.023980875
206000,0.024037584
206500,0.024094459
207000,0.024152042
207500,0.02420875
208000,0.024265292000000008
208500,0.024321999999999996
209000,0.024381042000000006
209500,0.02443825000000001
210000,0.02449633400000001
210500,0.024553417000000008
211000,0.02461175
211500,0.024670042000000003
212000,0.024727042000000005
212500,0.024784042000000006
213000,0.024842292000000002
213500,0.024899084000000002
214000,0.024956292000000005
214500,0.02501341700000001
215000,0.02507079200000001
215500,0.025128459000000006
216000,0.025185542000000005
216500,0.025242209
217000,0.025300292000000002
217500,0.025359000000000007
218000,0.025415459
218500,0.025472459000000003
219000,0.025529667000000006
219500,0.025588625000000004
220000,0.025645417000000004
220500,0.025703292000000003
221000,0.02576112500000001
221500,0.02582029200000001
222000,0.025877625
222500,0.025935250000000007
223000,0.025992209000000002
223500,0.026050417000000006
224000,0.026108041999999998
224500,0.026167667000000006
225000,0.026226792
225500,0.026285209000000004
226000,0.026342167
226500,0.02639875
227000,0.026456292000000006
227500,0.026515625
228000,0.026572291999999997
228500,0.026630334000000006
229000,0.026688167
229500,0.026747000000000007
230000,0.026804792000000008
230500,0.026861917
231000,0.026919125000000002
231500,0.026977875
232000,0.027035334000000008
232500,0.027092541999999997
233000,0.027150375000000004
233500,0.027209625
234000,0.027267292
234500,0.027323874999999997
235000,0.027381749999999996
235500,0.027438917000000007
236000,0.027497542
236500,0.027555042000000002
237000,0.02761287500000001
237500,0.02767
238000,0.027727166999999997
238500,0.027784875
239000,0.027841541999999997
239500,0.027898333999999997
240000,0.027957999999999997
240500,0.028015750000000006
241000,0.028073792
241500,0.02813054200000001
242000,0.028189084000000003
242500,0.028246959000000002
243000,0.028303750000000003
243500,0.028360959000000005
244000,0.028420083999999998
244500,0.028477709000000004
245000,0.028536084000000003
245500,0.02859420900000001
246000,0.028652834000000002
246500,0.028710209
247000,0.028766834000000005
247500,0.028823666999999997
248000,0.02888233400000001
248500,0.02893912500000001
249000,0.028995959
249500,0.02905350000000001
250000,0.02911237500000001
250500,0.029169209
251000,0.02922675000000001
251500,0.02928354200000001
252000,0.029343084000000005
252500,0.02940079200000001
253000,0.02945758400000001
253500,0.02951466700000001
254000,0.02957245900000001
254500,0.02962925000000001
255000,0.029687041999999997
255500,0.02974391700000001
256000,0.029801750000000002
256500,0.029858999999999997
257000,0.029918125000000004
257500,0.029975792
258000,0.030032125000000007
258500,0.030090084000000003
259000,0.030147167000000002
259500,0.03020400000000001
260000,0.030260999999999996
260500,0.030322292
261000,0.030379875
261500,0.030437292000000005
262000,0.030494459
262500,0.030565625
263000,0.030622875000000008
263500,0.030679834000000003
264000,0.030736709
264500,0.030794292
265000,0.030851249999999997
265500,0.030908417000000007
266000,0.030965542
266500,0.03102300000000001
267000,0.031080334
267500,0.031136917
268000,0.031194917000000003
268500,0.031253917000000006
269000,0.031311333999999996
269500,0.031368459
270000,0.031425042
270500,0.03148358400000001
271000,0.0315415
271500,0.031597709
272000,0.031655084
272500,0.03171275
273000,0.031769584000000003
273500,0.031826292000000006
274000,0.03188275
274500,0.031942334
275000,0.031999584
275500,0.032056209
276000,0.032112958999999996
276500,0.032171042
277000,0.032228542
277500,0.032286667000000005
278000,0.032343834
278500,0.032401625
279000,0.03245925000000001
279500,0.032515709000000004
280000,0.032574167
280500,0.032631167
281000,0.0326915
281500,0.032749042000000006
282000,0.032807417000000005
282500,0.032864542
283000,0.032922459
283500,0.032979417
284000,0.033037167000000006
284500,0.033094
285000,0.033151542000000006
285500,0.033208125000000005
286000,0.03326483400000001
286500,0.03332175
287000,0.033379334
287500,0.033436875000000005
288000,0.033494709
288500,0.033554292
289000,0.03361254200000001
289500,0.033670459
290000,0.033727042
290500,0.033784584000000006
291000,0.033842959000000006
291500,0.033905375
292000,0.033962459
292500,0.03402025
293000,0.0340775
293500,0.03413695900000001
294000,0.034194
294500,0.034251000000000004
295000,0.03432241700000001
295500,0.034379625
296000,0.03443708400000001
296500,0.03449508400000001
297000,0.034552709
297500,0.034609625000000005
298000,0.034666459
298500,0.03472412500000001
299000,0.03478070900000001
299500,0.034839167000000004
300000,0.034896959000000005
300500,0.03495783400000001
301000,0.035015792000000004
301500,0.03507429200000001
302000,0.035131125
302500,0.035189334
303000,0.035245834000000004
303500,0.035304667
304000,0.03536133400000001
304500,0.035418500000000006
305000,0.03547575
305500,0.035533917
306000,0.035594417
306500,0.035652500000000004
307000,0.035710584000000004
307500,0.035769542
308000,0.035826125
308500,0.035883542000000004
309000,0.0359405
309500,0.03599854200000001
310000,0.036070542
310500,0.03612775
311000,0.036185334
311500,0.036243792
312000,0.03630175000000001
312500,0.036359709000000004
313000,0.036417459
313500,0.03647520900000001
314000,0.03653379200000001
314500,0.036590625
315000,0.036648792
315500,0.036706584
316000,0.036763375
316500,0.036819667
317000,0.03687620900000001
317500,0.03693450000000001
318000,0.036991167000000005
318500,0.037048209
319000,0.037105292
319500,0.03716404200000001
320000,0.037224459
320500,0.037281834
321000,0.03733966700000001
321500,0.03739687500000001
322000,0.037454834000000006
322500,0.037511749999999996
323000,0.037568667
323500,0.03762562500000001
324000,0.037684334
324500,0.03774108400000001
325000,0.03779808400000001
325500,0.037856125000000004
326000,0.03791791700000001
326500,0.037975167000000004
327000,0.03803316700000001
327500,0.038090042000000005
328000,0.038161209
328500,0.038225042
329000,0.03828287500000001
329500,0.038340292
330000,0.0383985
330500,0.038455584
331000,0.03851312500000001
331500,0.038569875
332000,0.038628459000000004
332500,0.038686417
333000,0.038743042000000005
333500,0.038799834000000005
334000,0.038859167
334500,0.038916167
335000,0.03897375
335500,0.03903125
336000,0.0390895
336500,0.039146584
337000,0.039204
337500,0.03926083400000001
338000,0.039320042
338500,0.03937779200000001
339000,0.03943458400000001
339500,0.039492625
340000,0.039551209000000004
340500,0.039609459
341000,0.039666292000000006
341500,0.039723167000000004
342000,0.03978108400000001
342500,0.039840125000000004
343000,0.03989725000000001
343500,0.039955375
344000,0.040013334
344500,0.04007179200000001
345000,0.04012966700000001
345500,0.040186125
346000,0.040244209
346500,0.04030175
347000,0.040358584
347500,0.040415167
348000,0.040471792000000006
348500,0.04053087500000001
349000,0.040588792
349500,0.04064833400000001
350000,0.040705209000000006
350500,0.040763584000000005
351000,0.040820208999999996
351500,0.04087708400000001
352000,0.040935125
352500,0.040993167
353000,0.041049625000000006
353500,0.04110791700000001
354000,0.041165042
354500,0.04122358400000001
355000,0.04128037500000001
355500,0.041342292
356000,0.04139891700000001
356500,0.041456834
357000,0.041514208999999996
357500,0.04157187500000001
358000,0.041632292
358500,0.041689875
359000,0.041747084000000004
359500,0.04180500000000001
360000,0.041862750000000004
360500,0.04193466700000001
361000,0.041992584
361500,0.04205033400000001
362000,0.042108292000000005
362500,0.042166125
363000,0.042222959000000004
363500,0.042280625
364000,0.042337042000000005
364500,0.042394667
365000,0.04245233400000001
365500,0.04250891700000001
366000,0.042566042
366500,0.042623542
367000,0.042683792
367500,0.042740084
368000,0.042796375
368500,0.04285304200000001
369000,0.042911041999999996
369500,0.042968542
370000,0.04302550000000001
370500,0.043082542
371000,0.043140750000000005
371500,0.043204042
372000,0.04326041700000001
372500,0.04331770900000001
373000,0.043375791999999996
373500,0.043432417
374000,0.04349154200000001
374500,0.04354983400000001
375000,0.043607959
375500,0.043664625
376000,0.043722250000000004
376500,0.04377908400000001
377000,0.043837209
377500,0.04389354200000001
378000,0.043950667
378500,0.04401025
379000,0.04407512500000001
379500,0.04413325
380000,0.04419070900000001
380500,0.044247542
381000,0.04430608400000001
381500,0.04436375000000001
382000,0.044421084
382500,0.044477792
383000,0.04453650000000001
383500,0.04459479200000001
384000,0.044651709
384500,0.044709042000000004
385000,0.044766042000000006
385500,0.044824209000000004
386000,0.044881209000000005
386500,0.044938959
387000,0.04499700000000001
387500,0.045054625
388000,0.045111334
388500,0.045168334000000004
389000,0.04522554200000001
389500,0.04528425
390000,0.045340584
390500,0.045397292000000006
391000,0.045454459
391500,0.045513709
392000,0.045570792
392500,0.045628709
393000,0.045686959
393500,0.045759125
394000,0.04581579200000001
394500,0.045872834
395000,0.04593045900000001
395500,0.045989125000000006
396000,0.04604604200000001
396500,0.046104000000000006
397000,0.046161834
397500,0.046220250000000004
398000,0.046278042000000005
398500,0.046334875
399000,0.046393000000000004
399500,0.046453084000000006
400000,0.046510167000000005
400500,0.046567125
401000,0.046624209
401500,0.046682209
402000,0.046738917000000005
402500,0.04679575
403000,0.046852375
403500,0.04691079200000001
404000,0.046967625
404500,0.047023917
405000,0.04708066700000001
405500,0.047138792
406000,0.047196
406500,0.047253959
407000,0.047311459
407500,0.047368959
408000,0.047427125
408500,0.04748466700000001
409000,0.0475415
409500,0.047599
410000,0.047657084
410500,0.04771412500000001
411000,0.04777120900000001
411500,0.047828417
412000,0.047886334
412500,0.047943125
413000,0.047999542000000006
413500,0.048058959
414000,0.048117959
414500,0.048174417
415000,0.048232042
415500,0.04828966700000001
416000,0.048348458999999996
416500,0.048405417000000006
417000,0.048462292000000004
417500,0.048519959
418000,0.04857825
418500,0.048635292
419000,0.04869216700000001
419500,0.048749375
420000,0.048812042
420500,0.04886875
421000,0.048926291999999996
421500,0.048984042000000005
422000,0.049042709000000004
422500,0.04910225
423000,0.049159125
423500,0.049216917
424000,0.049275334000000004
424500,0.049332334000000005
425000,0.04939012500000001
425500,0.04944691700000001
426000,0.04951741700000001
426500,0.049575625
427000,0.049633459000000005
427500,0.049690334
428000,0.04974825000000001
428500,0.049806209000000004
429000,0.049863041999999996
429500,0.049922417
430000,0.049980417
430500,0.05003866700000001
431000,0.05009625000000001
431500,0.05015354200000001
432000,0.050211000000000006
432500,0.050269459
433000,0.050326459000000004
433500,0.050383709
434000,0.050440625
434500,0.05049925000000001
435000,0.05055683400000001
435500,0.05061412500000001
436000,0.050672417
436500,0.050730834
437000,0.05078825000000001
437500,0.050846417000000005
438000,0.050904209000000006
438500,0.050962834
439000,0.051020834
439500,0.051078334
440000,0.051135625000000004
440500,0.05119454200000001
441000,0.051252459
441500,0.051309625
442000,0.051367834
442500,0.051426417
443000,0.05148375000000001
443500,0.051542041999999996
444000,0.051599334
444500,0.05165825
445000,0.051715209
445500,0.051773042000000005
446000,0.051830375
446500,0.051887667
447000,0.051945292000000004
447500,0.052003584000000005
448000,0.052060417
448500,0.05211858400000001
449000,0.052176625000000004
449500,0.052234917000000006
450000,0.05229183400000001
450500,0.052349542
451000,0.052407459
451500,0.052465125
452000,0.052522917
452500,0.052579709
453000,0.052637292
453500,0.052694500000000005
454000,0.052751834
454500,0.052808584000000006
455000,0.05286737500000001
455500,0.052923834
456000,0.052981417
456500,0.053038792
457000,0.053096459
457500,0.053154042
458000,0.053210625
458500,0.053268042
459000,0.053340292
459500,0.053397334000000005
460000,0.0534545
460500,0.053510959
461000,0.053569500000000006
461500,0.053626334
462000,0.053683084000000006
462500,0.053741167000000006
463000,0.05379966700000001
463500,0.053857709000000004
464000,0.053916000000000006
464500,0.053974167
465000,0.054033
465500,0.054089250000000005
466000,0.05414666700000001
466500,0.054203875
467000,0.054261500000000004
467500,0.054318500000000006
468000,0.054376084000000005
468500,0.054432917
469000,0.05449029200000001
469500,0.0545475
470000,0.054604084
470500,0.054660834000000005
471000,0.05471933400000001
471500,0.05477741700000001
472000,0.054835084000000006
472500,0.054893250000000005
473000,0.054950083999999996
473500,0.055008917000000004
474000,0.055065875
474500,0.055124167
475000,0.055181834
475500,0.055239709
476000,0.055296292
476500,0.055353875
477000,0.055411709
477500,0.05547025
478000,0.055528125
478500,0.05558529200000001
479000,0.05564237500000001
479500,0.055700917
480000,0.055758458999999996
480500,0.055829459
481000,0.055887542
481500,0.055946042
482000,0.056003542
482500,0.056059917
483000,0.056116625
483500,0.056173875
484000,0.056230667
484500,0.056287417000000006
485000,0.056345834
485500,0.05640350000000001
486000,0.056461291999999996
486500,0.056518792
487000,0.056575084
487500,0.05663362500000001
488000,0.056691500000000006
488500,0.056749542
489000,0.05680629200000001
489500,0.05686545900000001
490000,0.056923
490500,0.056980667
491000,0.057038167
491500,0.05709525
492000,0.057168334
492500,0.057226125
493000,0.057282834000000005
493500,0.05734075000000001
494000,0.05739883400000001
494500,0.057455875000000003
495000,0.057512834
495500,0.057569709
496000,0.057628792
496500,0.05768516700000001
497000,0.057742292
497500,0.057799959
498000,0.057857959
498500,0.057915084000000006
499000,0.057972042
499500,0.05803195900000001
500000,0.058090792
500500,0.05814862500000001
501000,0.058207084000000006
501500,0.058263959000000004
502000,0.058322125
502500,0.058379666999999996
503000,0.058436458999999996
503500,0.058493
504000,0.05855220900000001
504500,0.05860925
505000,0.058666417
505500,0.058724542000000005
506000,0.05878275000000001
506500,0.05883983400000001
507000,0.058897292000000004
507500,0.058954584000000004
508000,0.059015125
508500,0.059071750000000006
509000,0.059128584
509500,0.059184917000000004
510000,0.059244875
510500,0.05930200000000001
511000,0.059358875000000005
511500,0.059415542
512000,0.05947525000000001
512500,0.05953725
513000,0.059597417
513500,0.05965575000000001
514000,0.05971275000000001
514500,0.059772292000000005
515000,0.059829542
515500,0.059889959000000006
516000,0.059950709000000005
516500,0.06000820900000001
517000,0.06006550000000001
517500,0.060122375000000006
518000,0.060179167000000006
518500,0.060237584
519000,0.06029525000000001
519500,0.060351959
520000,0.060408292
520500,0.060467667
521000,0.060523959
521500,0.060581209
522000,0.06063787500000001
522500,0.060696625000000004
523000,0.06075675
523500,0.06081341700000001
524000,0.06087070900000001
524500,0.060942125
525000,0.060998750000000004
525500,0.061055250000000005
526000,0.061113834000000006
526500,0.06117262500000001
527000,0.06122920900000001
527500,0.06128570900000001
528000,0.06134279200000001
528500,0.061400709
529000,0.061457334
529500,0.061514542000000005
530000,0.061572625000000006
530500,0.061631959
531000,0.061688292000000006
531500,0.06174550000000001
532000,0.061802709
532500,0.061861209
533000,0.061920667
533500,0.061977292
534000,0.062033875
534500,0.06209050000000001
535000,0.06215008400000001
535500,0.062206959000000006
536000,0.06226416700000001
536500,0.06232125000000001
537000,0.06238025000000001
537500,0.062437584000000004
538000,0.062494459000000016
538500,0.062551334
539000,0.06261000000000001
539500,0.06266695900000001
540000,0.06272479200000002
540500,0.06278195900000001
541000,0.062841625
541500,0.06289829200000001
542000,0.06295512500000001
542500,0.063012834
543000,0.06307287500000001
543500,0.063130209
544000,0.063187709
544500,0.06324441700000001
545000,0.06330345899999999
545500,0.06336075000000001
546000,0.063417709
546500,0.063474709
547000,0.06353312500000001
547500,0.063590042
548000,0.06364675000000002
548500,0.06370391700000001
549000,0.06376212500000002
549500,0.06381925000000001
550000,0.063877
550500,0.06393345900000001
551000,0.063997125
551500,0.064053542
552000,0.06411262499999999
552500,0.06416920899999999
553000,0.06422870900000001
553500,0.06428595899999999
554000,0.06434370900000001
554500,0.06440045900000001
555000,0.06445825000000001
555500,0.06451670899999999
556000,0.064574
556500,0.06463141700000001
557000,0.06468937500000001
557500,0.06476
558000,0.06481791700000002
558500,0.06487570899999999
559000,0.064934125
559500,0.06499204200000001
560000,0.065049334
560500,0.065106334
561000,0.06516395900000001
561500,0.06522241699999999
562000,0.06528033400000001
562500,0.06533725
563000,0.06539391700000001
563500,0.06545208400000001
564000,0.065509209
564500,0.065566209
565000,0.065622834
565500,0.06568004200000001
566000,0.06573675
566500,0.065793959
567000,0.06585066700000002
567500,0.06591024999999999
568000,0.06596762500000002
568500,0.066025709
569000,0.06608258400000001
569500,0.066140459
570000,0.066196875
570500,0.066254459
571000,0.06631075000000002
571500,0.06636954199999999
572000,0.06642666700000001
572500,0.06648466700000001
573000,0.066541542
573500,0.066598917
574000,0.066656959
574500,0.0667135
575000,0.066770084
575500,0.06682845899999999
576000,0.06688516700000001
576500,0.066941917
577000,0.06700012500000001
577500,0.06705725
578000,0.067114417
578500,0.067172792
579000,0.067230459
579500,0.06728854199999999
580000,0.06734629200000002
580500,0.067403375
581000,0.06746108399999999
581500,0.06751825000000002
582000,0.06757579200000001
582500,0.067635292
583000,0.067691709
583500,0.06774800000000002
584000,0.067809667
584500,0.067867584
585000,0.067924167
585500,0.06798108400000001
586000,0.06804066700000001
586500,0.06810062500000001
587000,0.0681575
587500,0.068215667
588000,0.06827379200000001
588500,0.068330917
589000,0.068387834
589500,0.068444667
590000,0.06851449999999999
590500,0.068571375
591000,0.06862841700000001
591500,0.06868541700000001
592000,0.06874416700000001
592500,0.06880075000000001
593000,0.06885816700000001
593500,0.068914917
594000,0.068973417
594500,0.06902995900000002
595000,0.06908770900000001
595500,0.06914433400000002
596000,0.069203625
596500,0.069260625
597000,0.069317334
597500,0.06937366700000001
598000,0.06943062500000001
598500,0.06948925000000002
599000,0.069546334
599500,0.06960304199999999
600000,0.0696615
600500,0.069719667
601000,0.06977633400000001
601500,0.069834
602000,0.06989050000000001
602500,0.069953
603000,0.07000970899999999
603500,0.07006725000000001
604000,0.07012445900000001
604500,0.070183167
605000,0.07023979200000001
605500,0.07029779200000001
606000,0.070354709
606500,0.07041220899999999
607000,0.07046899999999999
607500,0.070526459
608000,0.070583834
608500,0.07064154200000002
609000,0.07069891700000001
609500,0.070755792
610000,0.070813584
610500,0.070871375
611000,0.07092804200000001
611500,0.07098866699999999
612000,0.07104637500000001
612500,0.07110579200000001
613000,0.07116279200000002
613500,0.07121920899999999
614000,0.07127754200000001
614500,0.07133570900000001
615000,0.07139229200000001
615500,0.07144912500000002
616000,0.071506
616500,0.071564625
617000,0.071621542
617500,0.07167904200000001
618000,0.07173620900000001
618500,0.07179479200000001
619000,0.07185320900000002
619500,0.071910667
620000,0.07196854200000001
620500,0.072025459
621000,0.072084459
621500,0.072144375
622000,0.07220529199999999
622500,0.07226283400000001
623000,0.072333459
623500,0.07239116699999999
624000,0.072448375
624500,0.07250529200000001
625000,0.07256345900000001
625500,0.072620334
626000,0.072677334
626500,0.072736959
627000,0.072795917
627500,0.07285279200000001
628000,0.072910875
628500,0.07297116699999999
629000,0.07303125
629500,0.073088
630000,0.073144792
630500,0.07320150000000002
631000,0.07326025000000001
631500,0.073317542
632000,0.073375334
632500,0.07343200000000001
633000,0.07349000000000001
633500,0.073546917
634000,0.07360420899999999
634500,0.07366112500000001
635000,0.073720417
635500,0.07377808400000001
636000,0.07383454200000002
636500,0.07389275
637000,0.073950542
637500,0.074007209
638000,0.074065334
638500,0.07412229199999999
639000,0.07418120900000001
639500,0.07423804199999999
640000,0.07429579200000001
640500,0.074352667
641000,0.07441054200000001
641500,0.0744685
642000,0.07452512500000001
642500,0.07458350000000001
643000,0.07464145900000001
643500,0.07469925000000001
644000,0.07475625000000001
644500,0.074813209
645000,0.07487083400000001
645500,0.07492900000000001
646000,0.07498566699999999
646500,0.07504224999999999
647000,0.075100125
647500,0.07515795900000001
648000,0.075214834
648500,0.07528445900000001
649000,0.07534141700000001
649500,0.075399125
650000,0.075455292
650500,0.07551283400000001
651000,0.075570917
651500,0.075629334
652000,0.075685875
652500,0.075742459
653000,0.07579899999999999
653500,0.07585737499999999
654000,0.075915584
654500,0.07597208400000001
655000,0.07602891700000002
655500,0.07609679200000001
656000,0.076153667
656500,0.0762105
657000,0.07626795900000001
657500,0.076326417
658000,0.076383292
658500,0.07644016699999999
659000,0.076496834
659500,0.07655525
660000,0.07661187500000001
660500,0.07667166700000001
661000,0.076729
661500,0.07678566700000002
662000,0.076844959
662500,0.076901709
663000,0.076957959
663500,0.07701458400000001
664000,0.07707325
664500,0.077129834
665000,0.077186292
665500,0.077243209
666000,0.07730133400000001
666500,0.07735816699999999
667000,0.077414625
667500,0.077472792
668000,0.077533792
668500,0.077590792
669000,0.07764866699999999
669500,0.07770658400000001
670000,0.07776500000000001
670500,0.07782183399999999
671000,0.07787862499999999
671500,0.07793637500000002
672000,0.077993875
672500,0.07805191700000001
673000,0.078109625
673500,0.07816775
674000,0.07822575
674500,0.078282334
675000,0.078339125
675500,0.07840062500000002
676000,0.078459292
676500,0.07851816700000001
677000,0.07857533400000001
677500,0.078632459
678000,0.07869091700000001
678500,0.078747625
679000,0.07880708400000001
679500,0.078863959
680000,0.07892225000000001
680500,0.07897925000000001
681000,0.079041334
681500,0.079098125
682000,0.07915675000000001
682500,0.079217417
683000,0.079273834
683500,0.07933108400000001
684000,0.07938875
684500,0.079447
685000,0.079504
685500,0.07956087499999999
686000,0.07961800000000001
686500,0.079677542
687000,0.07973520900000002
687500,0.07979237500000001
688000,0.07985020899999999
688500,0.07992466699999999
689000,0.07998166699999999
689500,0.080039084
690000,0.080096917
690500,0.080154709
691000,0.080212667
691500,0.08026925
692000,0.080325834
692500,0.080384792
693000,0.080441042
693500,0.08049766700000001
694000,0.080555375
694500,0.080617375
695000,0.080674292
695500,0.08073062500000001
696000,0.080787542
696500,0.080846334
697000,0.08090658399999999
697500,0.080967584
698000,0.08102512499999999
698500,0.081084584
699000,0.081141375
699500,0.081199542
700000,0.08125679200000001
700500,0.08131575
701000,0.08137300000000001
701500,0.08142995900000001
702000,0.08148654200000001
702500,0.08154716699999999
703000,0.08160508400000001
703500,0.08166195899999999
704000,0.081719792
704500,0.08178545899999999
705000,0.081844542
705500,0.081902125
706000,0.081959625
706500,0.08201779199999999
707000,0.08207708400000001
707500,0.08213391700000001
708000,0.08219108400000001
708500,0.08224775
709000,0.08230566700000001
709500,0.08236229199999999
710000,0.08241904200000001
710500,0.082475917
711000,0.0825345
711500,0.08259120900000001
712000,0.08264858400000001
712500,0.082705542
713000,0.08276325
713500,0.08282154200000001
714000,0.08287891700000001
714500,0.08293674999999999
715000,0.08299575
715500,0.083053167
716000,0.083111417
716500,0.08316904200000001
717000,0.083228167
717500,0.08328579200000001
718000,0.08334358400000001
718500,0.083401834
719000,0.083460417
719500,0.083517
720000,0.08357325
720500,0.08363050000000001
721000,0.08370320900000001
721500,0.083761667
722000,0.083818875
722500,0.083875625
723000,0.08393629200000001
723500,0.08399429200000001
724000,0.084051042
724500,0.08410766700000001
725000,0.084165792
725500,0.084223542
726000,0.08427983400000001
726500,0.084336292
727000,0.084392542
727500,0.08445283399999999
728000,0.084510042
728500,0.084566667
729000,0.08462437500000002
729500,0.08468250000000001
730000,0.084742
730500,0.0848
731000,0.08485745900000001
731500,0.08491587500000002
732000,0.08497275
732500,0.08502945900000002
733000,0.085086292
733500,0.0851445
734000,0.08520120900000001
734500,0.085258084
735000,0.08531495900000001
735500,0.08537399999999999
736000,0.085431459
736500,0.085488042
737000,0.08554616699999999
737500,0.08560445900000001
738000,0.085661375
738500,0.085718959
739000,0.08577583400000001
739500,0.08583420900000001
740000,0.085891542
740500,0.08594841700000001
741000,0.0860065
741500,0.086065709
742000,0.086122667
742500,0.08617954200000001
743000,0.086236625
743500,0.086295625
744000,0.086352417
744500,0.086409
745000,0.08646550000000001
745500,0.086523334
746000,0.08658108400000002
746500,0.08663762500000001
747000,0.08669466700000002
747500,0.08675275
748000,0.08681262499999999
748500,0.086869917
749000,0.086926667
749500,0.08698470900000001
750000,0.087042792
750500,0.08709937499999999
751000,0.08715616699999999
751500,0.08721412499999999
752000,0.08727166700000001
752500,0.087328792
753000,0.08738545900000001
753500,0.08744341700000001
754000,0.08751325
754500,0.08757112500000001
755000,0.087628
755500,0.08768554199999999
756000,0.08774366700000001
756500,0.087800542
757000,0.08785691699999999
757500,0.08791341700000001
758000,0.0879725
758500,0.08802962500000001
759000,0.088086667
759500,0.08814420900000002
760000,0.088207292
760500,0.088264834
761000,0.088321584
761500,0.08837874999999999
762000,0.08843708400000001
762500,0.088494584
763000,0.088552917
763500,0.08861045900000002
764000,0.08866924999999999
764500,0.088726084
765000,0.08878275000000001
765500,0.08884079200000002
766000,0.08889995900000001
766500,0.088956834
767000,0.08901425
767500,0.08907125
768000,0.089128959
768500,0.08918670900000002
769000,0.089243542
769500,0.08930129199999999
770000,0.089358584
770500,0.08941941700000001
771000,0.089476292
771500,0.089534042
772000,0.08959041699999999
772500,0.08964816700000001
773000,0.08970570900000001
773500,0.08976250000000001
774000,0.089820667
774500,0.08987954199999999
775000,0.08993775
775500,0.08999475
776000,0.09005108399999999
776500,0.0901095
777000,0.09016583400000001
777500,0.09022262500000001
778000,0.090279542
778500,0.090337542
779000,0.09039454200000001
779500,0.090451625
780000,0.09050854200000001
780500,0.09056675000000002
781000,0.09062333400000001
781500,0.09068016699999999
782000,0.090736625
782500,0.090794834
783000,0.09085245900000001
783500,0.09091025000000001
784000,0.090967167
784500,0.09102741700000001
785000,0.09108424999999999
785500,0.091141084
786000,0.09119858400000001
786500,0.09126870899999999
787000,0.09132575
787500,0.09138600000000001
788000,0.091444334
788500,0.09150341699999999
789000,0.09156112500000001
789500,0.09162158399999999
790000,0.091690542
790500,0.09174820900000001
791000,0.09180583400000002
791500,0.091862334
792000,0.09191904199999999
792500,0.091976709
793000,0.092034667
793500,0.092091042
794000,0.09214925
794500,0.092205834
795000,0.09226445900000001
795500,0.09232133399999999
796000,0.09237870899999999
796500,0.09243549999999999
797000,0.092493584
797500,0.092550334
798000,0.092606584
798500,0.0926635
799000,0.09272483399999999
799500,0.092781709
800000,0.09283833400000001
800500,0.092895084
801000,0.092954209
801500,0.09301195899999999
802000,0.09306933399999999
802500,0.09312704200000001
803000,0.09318570899999999
803500,0.09324249999999999
804000,0.09330029199999999
804500,0.093359542
805000,0.09341862499999999
805500,0.09347641699999999
806000,0.09353458399999999
806500,0.09359137499999999
807000,0.09364937499999999
807500,0.093706209
808000,0.093763584
808500,0.09382008400000001
809000,0.09387929200000002
809500,0.09394204199999999
810000,0.09399900000000001
810500,0.094056334
811000,0.094113292
811500,0.094173042
812000,0.09423058399999999
812500,0.094287459
813000,0.094345584
813500,0.094404625
814000,0.09446125000000001
814500,0.09451804200000001
815000,0.09457575
815500,0.09463466699999999
816000,0.094691667
816500,0.09474925
817000,0.094807084
817500,0.09486516700000001
818000,0.09492212500000001
818500,0.094979084
819000,0.095035417
819500,0.09510579200000001
820000,0.095163917
820500,0.09522079200000001
821000,0.095291042
821500,0.09534887500000001
822000,0.095406959
822500,0.095463917
823000,0.095520584
823500,0.09557958400000001
824000,0.09563662500000002
824500,0.095693875
825000,0.09575141699999999
825500,0.095809667
826000,0.095867625
826500,0.095924209
827000,0.095980792
827500,0.096039167
828000,0.09609629200000001
828500,0.09615308400000001
829000,0.09621083400000001
829500,0.096270125
830000,0.096327084
830500,0.096383334
831000,0.096439709
831500,0.096496917
832000,0.096553667
832500,0.096611292
833000,0.096667625
833500,0.096725667
834000,0.096784417
834500,0.09684074999999999
835000,0.096897584
835500,0.096954834
836000,0.09701266700000001
836500,0.09706970899999999
837000,0.09712645900000001
837500,0.097185959
838000,0.097245959
838500,0.097306917
839000,0.09736354200000001
839500,0.09742112500000001
840000,0.09748070900000001
840500,0.09753754199999999
841000,0.097598167
841500,0.097655792
842000,0.097714917
842500,0.09777183400000002
843000,0.097829125
843500,0.097885709
844000,0.09794520899999999
844500,0.09800199999999999
845000,0.09805933400000001
845500,0.098116625
846000,0.09817512500000002
846500,0.09823212499999999
847000,0.098288959
847500,0.09834587500000001
848000,0.09840583400000001
848500,0.098463334
849000,0.09851987499999999
849500,0.09857779200000001
850000,0.09863641699999999
850500,0.09869333400000001
851000,0.09875016700000001
851500,0.09880758399999999
852000,0.09887562500000001
852500,0.09893341700000001
853000,0.098990292
853500,0.099047917
854000,0.0991065
854500,0.099164084
855000,0.09922237500000002
855500,0.09927925
856000,0.099337
856500,0.09939570900000001
857000,0.099452417
857500,0.09951025000000001
858000,0.09956825000000001
858500,0.099626584
859000,0.09968425000000002
859500,0.099741125
860000,0.09979837500000001
860500,0.09985695900000001
861000,0.09991420899999999
861500,0.099975417
862000,0.10003229200000001
862500,0.10009091700000002
863000,0.10014929200000001
863500,0.10020741700000001
864000,0.10026562500000001
864500,0.100324167
865000,0.10038124999999999
865500,0.10043841700000002
866000,0.1004955
866500,0.10055425
867000,0.100610625
867500,0.100667667
868000,0.100725209
868500,0.10078391700000001
869000,0.100841375
869500,0.10089808400000001
870000,0.10095475
870500,0.101012125
871000,0.10106849999999999
871500,0.101125334
872000,0.10118208399999999
872500,0.101241084
873000,0.10130199999999999
873500,0.10136474999999999
874000,0.101423042
874500,0.10148108400000001
875000,0.10154187499999999
875500,0.10159887499999999
876000,0.101658292
876500,0.10171495900000001
877000,0.101773084
877500,0.10182975000000001
878000,0.101886709
878500,0.101943042
879000,0.10200129200000001
879500,0.102059417
880000,0.10211633400000002
880500,0.102173167
881000,0.10223275
881500,0.102290334
882000,0.10234675
882500,0.102404292
883000,0.102462167
883500,0.10251941700000002
884000,0.10257637500000001
884500,0.10263420899999999
885000,0.102706
885500,0.102763959
886000,0.102821167
886500,0.10287741700000001
887000,0.10293637500000001
887500,0.102994875
888000,0.103051459
888500,0.10310925
889000,0.10316695900000002
889500,0.103224834
890000,0.10328233399999999
890500,0.103339042
891000,0.10339749999999999
891500,0.10345525000000001
892000,0.103511917
892500,0.10356920900000001
893000,0.103627875
893500,0.10368524999999999
894000,0.1037425
894500,0.10379916700000001
895000,0.10385833400000001
895500,0.103916
896000,0.103973459
896500,0.10403016699999999
897000,0.104087042
897500,0.10414529200000001
898000,0.104203334
898500,0.10426108399999999
899000,0.104318917
899500,0.10437704199999999
900000,0.104434667
900500,0.10449120900000002
901000,0.10454895900000001
901500,0.10460691700000001
902000,0.104664292
902500,0.104723625
903000,0.104780209
903500,0.10484487499999999
904000,0.104901917
904500,0.10495983400000002
905000,0.10501679200000001
905500,0.105074084
906000,0.10513037500000001
906500,0.10518820899999999
907000,0.10524525
907500,0.105303834
908000,0.105361459
908500,0.10541808400000001
909000,0.10547512500000002
909500,0.10553350000000002
910000,0.105591584
910500,0.10564920900000001
911000,0.105705917
911500,0.105764167
912000,0.105820875
912500,0.10587841700000002
913000,0.10593537500000001
913500,0.105993667
914000,0.106051292
914500,0.10610825
915000,0.10616554200000002
915500,0.10622350000000001
916000,0.106280417
916500,0.10633670900000002
917000,0.106393959
917500,0.106451917
918000,0.106524209
918500,0.10658125
919000,0.106638
919500,0.10669454199999999
920000,0.106754417
920500,0.10681145900000001
921000,0.106869
921500,0.10692566700000002
922000,0.10698462500000001
922500,0.10704283399999999
923000,0.10710120900000002
923500,0.10715916700000001
924000,0.107216667
924500,0.10727333400000001
925000,0.10733129200000001
925500,0.107389042
926000,0.10744687500000001
926500,0.10750429200000002
927000,0.107561167
927500,0.107618375
928000,0.10767683400000001
928500,0.10773375
929000,0.10779041700000001
929500,0.107847667
930000,0.107906292
930500,0.10796358400000002
931000,0.108021417
931500,0.108077875
932000,0.10813608400000001
932500,0.10819325
933000,0.10825029200000001
933500,0.108307417
934000,0.10836475
934500,0.108421375
935000,0.10847804200000001
935500,0.10853475
936000,0.1085935
936500,0.10865075
937000,0.108707917
937500,0.108765667
938000,0.10882499999999999
938500,0.10888291700000001
939000,0.10894075000000002
939500,0.10899812500000002
940000,0.109055
940500,0.109113167
941000,0.10917066700000001
941500,0.10922770899999999
942000,0.10928545900000002
942500,0.109342542
943000,0.10939920900000001
943500,0.10945683400000002
944000,0.109513917
944500,0.109572042
945000,0.109629459
945500,0.10968737499999999
946000,0.10974533400000001
946500,0.10980233400000002
947000,0.10985887500000001
947500,0.109916209
948000,0.10997475
948500,0.11003166700000001
949000,0.110089792
949500,0.11014766699999999
950000,0.11020475
950500,0.11026145899999999
951000,0.110318667
951500,0.11037625
952000,0.11043433400000001
952500,0.110491292
953000,0.11054879199999999
953500,0.11060691700000001
954000,0.11066374999999999
954500,0.110720834
955000,0.110779167
955500,0.11083704200000001
956000,0.11089425000000001
956500,0.110951375
957000,0.111009167
957500,0.11106683399999999
958000,0.11112425
958500,0.11118116700000001
959000,0.11123833400000001
959500,0.11129479199999999
960000,0.11135333400000001
960500,0.11141112500000001
961000,0.11146833400000002
961500,0.11152612499999999
962000,0.11158304200000001
962500,0.111640542
963000,0.111697209
963500,0.11175508399999999
964000,0.111813375
964500,0.11187295900000001
965000,0.11193154200000001
965500,0.11198841699999999
966000,0.11204675000000001
966500,0.112103792
967000,0.112161459
967500,0.112218209
968000,0.112276
968500,0.112332625
969000,0.11239004200000001
969500,0.11244845900000001
970000,0.112506292
970500,0.11256441700000001
971000,0.11262162500000002
971500,0.11267895900000001
972000,0.112735917
972500,0.11279220899999999
973000,0.1128505
973500,0.112907459
974000,0.112964875
974500,0.113023167
975000,0.11308449999999999
975500,0.113141584
976000,0.113199167
976500,0.1132565
977000,0.11331400000000001
977500,0.113372084
978000,0.11342962499999999
978500,0.11348791700000001
979000,0.113544875
979500,0.113604042
980000,0.113662
980500,0.113719584
981000,0.113777334
981500,0.11383487500000002
982000,0.113892375
982500,0.113950292
983000,0.114008084
983500,0.114064709
984000,0.114122125
984500,0.114179042
985000,0.114237292
985500,0.114294834
986000,0.114352792
986500,0.114409375
987000,0.114467167
987500,0.114523834
988000,0.11458191699999999
988500,0.11464004200000001
989000,0.11469729199999999
989500,0.114755542
990000,0.11481337500000001
990500,0.114871709
991000,0.11492862499999999
991500,0.11498599999999999
992000,0.11504691700000001
992500,0.11510470900000001
993000,0.115162417
993500,0.11522012499999999
994000,0.115289667
994500,0.115347042
995000,0.115403625
995500,0.115461417
996000,0.115517875
996500,0.115575625
997000,0.11563274999999999
997500,0.115689584
998000,0.11574633399999999
998500,0.115804167
999000,0.115862125
999500,0.115919542
